{
  "scores": {
    "dummy_knowledge_base.txt": 6.274851700000003,
    "Policy of Neooverse.docx": 1.6900000000000002,
    "6a7798be-f822-44ab-af08-7fe3b439a371": 1.3
  },
  "flagged": []
}